-- --------------------------------------------------------
-- Host:                         127.0.0.1
-- Server version:               10.3.10-MariaDB - mariadb.org binary distribution
-- Server OS:                    Win64
-- HeidiSQL Version:             9.4.0.5125
-- --------------------------------------------------------

/*!40101 SET @OLD_CHARACTER_SET_CLIENT=@@CHARACTER_SET_CLIENT */;
/*!40101 SET NAMES utf8 */;
/*!50503 SET NAMES utf8mb4 */;
/*!40014 SET @OLD_FOREIGN_KEY_CHECKS=@@FOREIGN_KEY_CHECKS, FOREIGN_KEY_CHECKS=0 */;
/*!40101 SET @OLD_SQL_MODE=@@SQL_MODE, SQL_MODE='NO_AUTO_VALUE_ON_ZERO' */;


-- Dumping database structure for blog
CREATE DATABASE IF NOT EXISTS `blog` /*!40100 DEFAULT CHARACTER SET utf8 COLLATE utf8_unicode_ci */;
USE `blog`;

-- Dumping structure for table blog.authentication
CREATE TABLE IF NOT EXISTS `authentication` (
  `user_id` int(11) DEFAULT NULL,
  `user_name` int(11) DEFAULT NULL,
  `account` varchar(50) COLLATE utf8_unicode_ci DEFAULT NULL,
  `password` varchar(50) COLLATE utf8_unicode_ci DEFAULT NULL
) ENGINE=InnoDB DEFAULT CHARSET=utf8 COLLATE=utf8_unicode_ci;

-- Dumping data for table blog.authentication: ~1 rows (approximately)
/*!40000 ALTER TABLE `authentication` DISABLE KEYS */;
INSERT IGNORE INTO `authentication` (`user_id`, `user_name`, `account`, `password`) VALUES
	(1, NULL, 'admin', 'admin');
/*!40000 ALTER TABLE `authentication` ENABLE KEYS */;

-- Dumping structure for table blog.categories
CREATE TABLE IF NOT EXISTS `categories` (
  `category_id` int(11) NOT NULL AUTO_INCREMENT,
  `category` varchar(50) COLLATE utf8_unicode_ci DEFAULT NULL,
  `type` int(11) DEFAULT NULL,
  PRIMARY KEY (`category_id`)
) ENGINE=InnoDB AUTO_INCREMENT=72 DEFAULT CHARSET=utf8 COLLATE=utf8_unicode_ci;

-- Dumping data for table blog.categories: ~9 rows (approximately)
/*!40000 ALTER TABLE `categories` DISABLE KEYS */;
INSERT IGNORE INTO `categories` (`category_id`, `category`, `type`) VALUES
	(1, 'Java', 1),
	(2, 'Java Script', 1),
	(3, 'Python', 1),
	(4, 'SQL', 1),
	(5, 'Lifestyle', 2),
	(6, 'Food', 2),
	(7, 'Adventure', 2),
	(8, 'Travel', 2),
	(9, 'Bussiness', 2);
/*!40000 ALTER TABLE `categories` ENABLE KEYS */;

-- Dumping structure for table blog.comments
CREATE TABLE IF NOT EXISTS `comments` (
  `comment_id` int(11) DEFAULT NULL,
  `user_id` int(11) DEFAULT NULL,
  `comment_parent_id` int(11) DEFAULT NULL,
  `post_id` int(11) DEFAULT NULL,
  `commented_at` datetime DEFAULT NULL,
  `content` text COLLATE utf8_unicode_ci DEFAULT NULL
) ENGINE=InnoDB DEFAULT CHARSET=utf8 COLLATE=utf8_unicode_ci;

-- Dumping data for table blog.comments: ~16 rows (approximately)
/*!40000 ALTER TABLE `comments` DISABLE KEYS */;
INSERT IGNORE INTO `comments` (`comment_id`, `user_id`, `comment_parent_id`, `post_id`, `commented_at`, `content`) VALUES
	(1, 1, 0, 1, '2019-04-19 15:20:40', 'Lorem ipsum dolor sit amet, consectetur adipisicing elit. Pariatur quidem laborum necessitatibus, ipsam impedit vitae autem, eum officia, fugiat saepe enim sapiente iste iure! Quam voluptas earum impedit necessitatibus, nihil?'),
	(2, 1, 1, 1, '2019-04-19 15:20:49', 'Lorem ipsum dolor sit amet, consectetur adipisicing elit. Pariatur quidem laborum necessitatibus, ipsam impedit vitae autem, eum officia, fugiat saepe enim sapiente iste iure! Quam voluptas earum impedit necessitatibus, nihil?'),
	(3, 1, 2, 1, '2019-04-19 15:21:03', 'Lorem ipsum dolor sit amet, consectetur adipisicing elit. Pariatur quidem laborum necessitatibus, ipsam impedit vitae autem, eum officia, fugiat saepe enim sapiente iste iure! Quam voluptas earum impedit necessitatibus, nihil?'),
	(4, 1, 0, 2, '2019-04-19 15:21:17', 'Lorem ipsum dolor sit amet, consectetur adipisicing elit. Pariatur quidem laborum necessitatibus, ipsam impedit vitae autem, eum officia, fugiat saepe enim sapiente iste iure! Quam voluptas earum impedit necessitatibus, nihil?'),
	(5, 1, 4, 2, '2019-04-19 15:21:53', 'Lorem ipsum dolor sit amet, consectetur adipisicing elit. Pariatur quidem laborum necessitatibus, ipsam impedit vitae autem, eum officia, fugiat saepe enim sapiente iste iure! Quam voluptas earum impedit necessitatibus, nihil?'),
	(6, 1, 5, 2, '2019-04-19 15:22:25', 'Lorem ipsum dolor sit amet, consectetur adipisicing elit. Pariatur quidem laborum necessitatibus, ipsam impedit vitae autem, eum officia, fugiat saepe enim sapiente iste iure! Quam voluptas earum impedit necessitatibus, nihil?'),
	(7, 1, 0, 1, '2019-04-29 09:16:21', 'Lorem ipsum dolor sit amet, consectetur adipisicing elit. Pariatur quidem laborum necessitatibus, ipsam impedit vitae autem, eum officia, fugiat saepe enim sapiente iste iure! Quam voluptas earum impedit necessitatibus, nihil?'),
	(8, 1, 0, 1, '2019-04-29 09:16:23', 'Lorem ipsum dolor sit amet, consectetur adipisicing elit. Pariatur quidem laborum necessitatibus, ipsam impedit vitae autem, eum officia, fugiat saepe enim sapiente iste iure! Quam voluptas earum impedit necessitatibus, nihil?'),
	(9, 1, 1, 1, '2019-04-29 09:24:03', 'Lorem ipsum dolor sit amet, consectetur adipisicing elit. Pariatur quidem laborum necessitatibus, ipsam impedit vitae autem, eum officia, fugiat saepe enim sapiente iste iure! Quam voluptas earum impedit necessitatibus, nihil?'),
	(10, 1, 1, 1, '2019-04-29 09:24:33', 'Lorem ipsum dolor sit amet, consectetur adipisicing elit. Pariatur quidem laborum necessitatibus, ipsam impedit vitae autem, eum officia, fugiat saepe enim sapiente iste iure! Quam voluptas earum impedit necessitatibus, nihil?'),
	(11, 1, 10, 1, '2019-04-29 11:30:11', 'Lorem ipsum dolor sit amet, consectetur adipisicing elit. Pariatur quidem laborum necessitatibus, ipsam impedit vitae autem, eum officia, fugiat saepe enim sapiente iste iure! Quam voluptas earum impedit necessitatibus, nihil?'),
	(12, 1, 11, 1, '2019-04-29 14:02:41', 'Lorem ipsum dolor sit amet, consectetur adipisicing elit. Pariatur quidem laborum necessitatibus, ipsam impedit vitae autem, eum officia, fugiat saepe enim sapiente iste iure! Quam voluptas earum impedit necessitatibus, nihil?'),
	(13, 1, 12, 1, '2019-04-29 14:02:56', 'Lorem ipsum dolor sit amet, consectetur adipisicing elit. Pariatur quidem laborum necessitatibus, ipsam impedit vitae autem, eum officia, fugiat saepe enim sapiente iste iure! Quam voluptas earum impedit necessitatibus, nihil?'),
	(14, 1, 7, 1, '2019-04-29 14:35:26', 'Lorem ipsum dolor sit amet, consectetur adipisicing elit. Pariatur quidem laborum necessitatibus, ipsam impedit vitae autem, eum officia, fugiat saepe enim sapiente iste iure! Quam voluptas earum impedit necessitatibus, nihil?'),
	(15, 1, 14, 1, '2019-04-29 14:35:44', 'Lorem ipsum dolor sit amet, consectetur adipisicing elit. Pariatur quidem laborum necessitatibus, ipsam impedit vitae autem, eum officia, fugiat saepe enim sapiente iste iure! Quam voluptas earum impedit necessitatibus, nihil?'),
	(16, 1, 8, 1, '2019-04-29 14:35:58', 'Lorem ipsum dolor sit amet, consectetur adipisicing elit. Pariatur quidem laborum necessitatibus, ipsam impedit vitae autem, eum officia, fugiat saepe enim sapiente iste iure! Quam voluptas earum impedit necessitatibus, nihil?');
/*!40000 ALTER TABLE `comments` ENABLE KEYS */;

-- Dumping structure for table blog.posts
CREATE TABLE IF NOT EXISTS `posts` (
  `post_id` int(11) DEFAULT NULL,
  `important_level` int(11) DEFAULT NULL,
  `authors` varchar(50) COLLATE utf8_unicode_ci DEFAULT NULL,
  `title` text COLLATE utf8_unicode_ci DEFAULT NULL,
  `content` text COLLATE utf8_unicode_ci DEFAULT NULL,
  `published_at` datetime DEFAULT NULL,
  `visibility` tinyint(1) DEFAULT NULL
) ENGINE=InnoDB DEFAULT CHARSET=utf8 COLLATE=utf8_unicode_ci;

-- Dumping data for table blog.posts: ~13 rows (approximately)
/*!40000 ALTER TABLE `posts` DISABLE KEYS */;
INSERT IGNORE INTO `posts` (`post_id`, `important_level`, `authors`, `title`, `content`, `published_at`, `visibility`) VALUES
	(1, 1, 'Trần Phúc Vinh', 'There’s a Cool New Way for Men to Wear Socks and', '<p>Lorem ipsum dolor sit amet, consectetur adipisicing elit.\r\n							Praesentium nam quas inventore, ut iure iste modi eos adipisci ad\r\n							ea itaque labore earum autem nobis et numquam, minima eius. Nam\r\n							eius, non unde ut aut sunt eveniet rerum repellendus porro.</p>\r\n						<p>Sint ab voluptates itaque, ipsum porro qui obcaecati cumque\r\n							quas sit vel. Voluptatum provident id quis quo. Eveniet maiores\r\n							perferendis officia veniam est laborum, expedita fuga doloribus\r\n							natus repellendus dolorem ab similique sint eius cupiditate\r\n							necessitatibus, magni nesciunt ex eos.</p>\r\n						<p>Quis eius aspernatur, eaque culpa cumque reiciendis, nobis\r\n							at earum assumenda similique ut? Aperiam vel aut, ex\r\n							exercitationem eos consequuntur eaque culpa totam, deserunt,\r\n							aspernatur quae eveniet hic provident ullam tempora error\r\n							repudiandae sapiente illum rerum itaque voluptatem. Commodi,\r\n							sequi.</p>\r\n						<div class="row mb-5">\r\n							<div class="col-md-12 mb-4 element-animate">\r\n								<img src="images/img_7.jpg" alt="Image placeholder"\r\n									class="img-fluid">\r\n							</div>\r\n							<div class="col-md-6 mb-4 element-animate">\r\n								<img src="images/img_9.jpg" alt="Image placeholder"\r\n									class="img-fluid">\r\n							</div>\r\n							<div class="col-md-6 mb-4 element-animate">\r\n								<img src="images/img_11.jpg" alt="Image placeholder"\r\n									class="img-fluid">\r\n							</div>\r\n						</div>\r\n						<p>Quibusdam autem, quas molestias recusandae aperiam\r\n							molestiae modi qui ipsam vel. Placeat tenetur veritatis tempore\r\n							quos impedit dicta, error autem, quae sint inventore ipsa quidem.\r\n							Quo voluptate quisquam reiciendis, minus, animi minima eum\r\n							officia doloremque repellat eos, odio doloribus cum.</p>\r\n						<p>Temporibus quo dolore veritatis doloribus delectus dolores\r\n							perspiciatis recusandae ducimus, nisi quod, incidunt ut quaerat,\r\n							magnam cupiditate. Aut, laboriosam magnam, nobis dolore fugiat\r\n							impedit necessitatibus nisi cupiditate, quas repellat itaque\r\n							molestias sit libero voluptas eveniet omnis illo ullam dolorem\r\n							minima.</p>\r\n						<p>Porro amet accusantium libero fugit totam, deserunt ipsa,\r\n							dolorem, vero expedita illo similique saepe nisi deleniti.\r\n							Cumque, laboriosam, porro! Facilis voluptatem sequi nulla quidem,\r\n							provident eius quos pariatur maxime sapiente illo nostrum\r\n							quibusdam aliquid fugiat! Earum quod fuga id officia.</p>\r\n						<p>Illo magnam at dolore ad enim fugiat ut maxime facilis\r\n							autem, nulla cumque quis commodi eos nisi unde soluta, ipsa eius\r\n							aspernatur sint atque! Nihil, eveniet illo ea, mollitia fuga\r\n							accusamus dolor dolorem perspiciatis rerum hic, consectetur error\r\n							rem aspernatur!</p>\r\n\r\n						<p>Lorem ipsum dolor sit amet, consectetur adipisicing elit.\r\n							Temporibus magni explicabo id molestiae, minima quas assumenda\r\n							consectetur, nobis neque rem, incidunt quam tempore perferendis\r\n							provident obcaecati sapiente, animi vel expedita omnis quae ipsa!\r\n							Obcaecati eligendi sed odio labore vero reiciendis facere\r\n							accusamus molestias eaque impedit, consequuntur quae fuga vitae\r\n							fugit?</p>', '2019-04-19 15:18:20', NULL),
	(2, 1, 'Trần Phúc Vinh', 'Phần mềm chấm thi bị lỗi, hơn 20 học sinh tự tử oan nghiệt ở Ấn Độ', '<h1 class="entry-title" style="box-sizing: border-box; font-size: 41px; margin-right: 0px; margin-bottom: 7px; margin-left: 0px; font-family: Roboto; color: rgb(51, 51, 51); line-height: 50px; overflow-wrap: break-word;"><br></h1><div><div class="td-post-featured-image" style="box-sizing: border-box; position: relative; color: rgb(51, 51, 51); font-family: Roboto; font-size: 16px;"><img width="696" height="522" class="entry-thumb" src="https://techtalk.vn/wp-content/uploads/2019/05/chamthi-696x522.png" alt="" title="chamthi" style="box-sizing: border-box; border: 0px; max-width: 100%; height: auto; margin-bottom: 26px; display: block; width: auto;"></div><p class="sapo" style="box-sizing: border-box; font-family: Roboto; font-size: 16px; line-height: 26px; margin-bottom: 26px; color: rgb(51, 51, 51);"><em style="box-sizing: border-box;"><strong style="box-sizing: border-box; font-weight: bold;">Sau khi hơn 20 học sinh cuối cấp ở bang Telengana, Ấn Độ tự tử vì không đủ điểm xét tuyển vào đại học, một hội đồng độc lập đã được thành lập và phát hiện phần mềm quét các bài kiểm tra bị lỗi và phân loại học sinh không chính xác.</strong></em></p><p style="box-sizing: border-box; font-family: Roboto; font-size: 16px; line-height: 26px; margin-bottom: 26px; color: rgb(51, 51, 51);">Hội đồng này cho biết họ sẽ sớm công bố các biện pháp để chấm dứt tình trạng xảy ra lỗi chấm bài. Tuy nhiên, điều này không thể thay đổi thực tế đau lòng là có đến hơn 20 học sinh đã tự tử vì không chịu nổi cú sốc rớt đại học từ giữa tháng tư đến nay.</p><p style="box-sizing: border-box; font-family: Roboto; font-size: 16px; line-height: 26px; margin-bottom: 26px; color: rgb(51, 51, 51);">Nhiều hội học sinh đã yêu cầu bồi thường khoảng 2,5 triệu rupee (825 triệu đồng)/trường hợp cho các gia đình có học sinh đã tự sát.</p><div class="box-rcm" style="box-sizing: border-box; color: rgb(51, 51, 51); font-family: Roboto; font-size: 16px;"><div class="j-orange tagged x-rcm rcm-jobs-multi" id="rcm-hireme" style="box-sizing: border-box; font-family: Roboto, sans-serif; font-size: 12px; line-height: 16.8px; padding: 0px; margin: 12px 0px 1.5em; clear: both; background-repeat: no-repeat; background-position: center 3px; transition: all 0.6s ease-in-out 0s; overflow: hidden; height: 393px; background-image: none !important;"><a class="header-top" href="https://topdev.vn/" target="_blank" style="box-sizing: border-box; background-color: rgb(217, 65, 39); color: rgb(239, 239, 239); width: 696px; display: block; padding-left: 15px; font-size: 20px; line-height: 50px; height: 50px; position: relative; background-repeat: no-repeat; background-image: linear-gradient(to right, rgba(214, 67, 48, 0.9) 0px, rgba(255, 200, 200, 0.9) 100%), url(&quot;https://topdev.vn/assets/img/logo_white.png&quot;); background-position-x: 50%; background-size: auto 100%;"><span style="box-sizing: border-box;">Những việc làm hấp dẫn</span></a><div class="ljobs-rcm" style="box-sizing: border-box; background-image: initial; background-position: initial; background-size: initial; background-repeat: initial; background-attachment: initial; background-origin: initial; background-clip: initial; padding: 12px; border-right: 1px solid rgb(228, 230, 232); border-left: 1px solid rgb(228, 230, 232); border-image: initial; border-top: none; border-bottom: 2px solid rgb(217, 65, 39);"><ul class="jobs" style="box-sizing: border-box; padding: 0px; margin-right: 0px; margin-bottom: 0px; margin-left: 0px; list-style: none;"><li class="item-job" style="box-sizing: border-box; line-height: 26px; margin-left: 21px; font-size: 15px; font-family: Roboto; border-top: none; position: relative; list-style: none;"><div class="job-wrap" style="box-sizing: border-box; overflow: hidden; margin: 0px; padding: 5px 0px; position: relative;"><a class="thumbnail" href="https://topdev.vn/partners/detail-jobs/back-end-engineer-cong-ty-co-phan-cong-nghe-onaclover-12192/?token=ZKSuE%2BDgRSAzEOBNUcWfv9XiWteBtt6KdNdNI11aNYUzfyjT2VC0ZXq97IPeU9i0ITF9vI9NA30ibg73TVnifg%3D%3D" style="box-sizing: border-box; color: rgb(236, 31, 39); float: left; width: 97.3438px; margin-right: 6.48438px; overflow: hidden; display: flex; align-items: center; justify-content: center;"><img class="item-logo" src="https://topdev.vn/files/logos/ca0cd5eaf28010e6817f45d9368d09f8.png" style="box-sizing: border-box; border-width: initial; border-color: initial; border-image: initial; max-width: 100%; display: block; margin: 0px auto; padding: 9.73438px 1.9375px; width: 58.4063px; height: auto !important;"></a><a class="job" title="Back-End Engineer (Ruby on Rails, Ruby)" href="https://topdev.vn/partners/detail-jobs/back-end-engineer-cong-ty-co-phan-cong-nghe-onaclover-12192/?token=ZKSuE%2BDgRSAzEOBNUcWfv9XiWteBtt6KdNdNI11aNYUzfyjT2VC0ZXq97IPeU9i0ITF9vI9NA30ibg73TVnifg%3D%3D" target="_blank" style="box-sizing: border-box; color: rgb(236, 31, 39); display: block; cursor: pointer; float: left; width: 545.156px;"><div class="title" style="box-sizing: border-box; margin: 3px 0px; line-height: 26px; font-weight: 700; font-size: 13px; cursor: pointer; color: rgb(190, 86, 86); padding-right: 12px; white-space: nowrap; text-overflow: ellipsis; overflow: hidden;">Back-End Engineer (Ruby on Rails, Ruby)</div><div style="box-sizing: border-box; margin: 3px 0px; line-height: 26px;"><span class="company" style="box-sizing: border-box; font-weight: 700; color: rgb(80, 80, 80); margin-right: 7px; font-size: 12px;">CÔNG TY CỔ PHẦN CÔNG NGHỆ ONACLOVER</span><span class="location" style="box-sizing: border-box; color: rgb(80, 80, 80); font-style: italic; font-size: 12px; display: inline-block; margin-right: 7px;"><svg viewBox="0 0 12 12"><path d="M6 5.7c.4 0 .7-.1.9-.4.3-.3.4-.6.4-.9 0-.4-.1-.7-.4-.9-.2-.3-.5-.4-.9-.4s-.7.1-.9.4c-.3.2-.4.5-.4.9s.1.7.4.9c.2.3.5.4.9.4zm0-5c1 0 1.9.4 2.6 1.1.7.7 1.1 1.6 1.1 2.6 0 .5-.1 1.1-.4 1.8s-.5 1.3-.9 1.9c-.4.5-.7 1.1-1.1 1.6-.4.5-.7.9-.9 1.2l-.4.4c-.1-.1-.2-.3-.4-.5s-.5-.6-.9-1.2c-.4-.5-.8-1-1.1-1.6s-.7-1.1-.9-1.8c-.3-.7-.4-1.3-.4-1.8 0-1 .4-1.9 1.1-2.6S5 .7 6 .7z"></path></svg><span style="box-sizing: border-box; display: inline-block;">Ha Noi</span></span><span class="j-salary" style="box-sizing: border-box; color: rgb(80, 80, 80); font-style: italic; font-size: 12px; display: inline-block; margin-right: 7px;"><svg viewBox="0 0 12 12"><path d="M6 9.8L3.9 7.7c1.3-.9 3-.9 4.2 0L6 9.8zm3-3a4.81 4.81 0 0 0-6 0L2.2 6c2.2-1.8 5.5-1.8 7.7 0l-.9.8zm1.7-1.7a7.27 7.27 0 0 0-9.4 0l-.9-.8c3.2-2.8 7.9-2.8 11.1 0l-.8.8z"></path></svg><span style="box-sizing: border-box; display: inline-block;">$700 - $1,500</span></span></div><span class="post-tag" style="box-sizing: border-box; text-align: center; color: rgb(0, 0, 0); background-color: rgb(245, 245, 245); padding: 0.25em 0.5em; font-size: 12px; line-height: 1.4; white-space: nowrap; display: inline-block; border-radius: 0px; border: 1px solid rgb(221, 221, 221); float: none; font-family: Arial, &quot;Helvetica Neue&quot;, Helvetica, sans-serif; margin: 0px 2px 2px 0px !important;">Ruby on Rails</span><span class="post-tag" style="box-sizing: border-box; text-align: center; color: rgb(0, 0, 0); background-color: rgb(245, 245, 245); padding: 0.25em 0.5em; font-size: 12px; line-height: 1.4; white-space: nowrap; display: inline-block; border-radius: 0px; border: 1px solid rgb(221, 221, 221); float: none; font-family: Arial, &quot;Helvetica Neue&quot;, Helvetica, sans-serif; margin: 0px 2px 2px 0px !important;">Ruby</span><span class="post-tag" style="box-sizing: border-box; text-align: center; color: rgb(0, 0, 0); background-color: rgb(245, 245, 245); padding: 0.25em 0.5em; font-size: 12px; line-height: 1.4; white-space: nowrap; display: inline-block; border-radius: 0px; border: 1px solid rgb(221, 221, 221); float: none; font-family: Arial, &quot;Helvetica Neue&quot;, Helvetica, sans-serif; margin: 0px 2px 2px 0px !important;">Back-End</span></a></div></li><li class="item-job" style="box-sizing: border-box; line-height: 26px; margin-left: 21px; font-size: 15px; font-family: Roboto; border-top: 1px solid rgb(239, 240, 241); position: relative; list-style: none;"><div class="job-wrap" style="box-sizing: border-box; overflow: hidden; margin: 0px; padding: 5px 0px; position: relative;"><a class="thumbnail" href="https://topdev.vn/partners/detail-jobs/lap-trinh-mobile-vnpt-it-12027/?token=ZKSuE%2BDgRSAzEOBNUcWfv9XiWteBtt6KdNdNI11aNYUzfyjT2VC0ZXq97IPeU9i0ITF9vI9NA30ibg73TVnifg%3D%3D" style="box-sizing: border-box; color: rgb(236, 31, 39); float: left; width: 97.3438px; margin-right: 6.48438px; overflow: hidden; display: flex; align-items: center; justify-content: center;"><img class="item-logo" src="https://topdev.vn/files/logos/d3f036d548e21c0d909324503f0c8941.png" style="box-sizing: border-box; border-width: initial; border-color: initial; border-image: initial; max-width: 100%; display: block; margin: 0px auto; padding: 9.73438px 1.9375px; width: 58.4063px; height: auto !important;"></a><a class="job" title="Lập trình Mobile (Android, iOS)" href="https://topdev.vn/partners/detail-jobs/lap-trinh-mobile-vnpt-it-12027/?token=ZKSuE%2BDgRSAzEOBNUcWfv9XiWteBtt6KdNdNI11aNYUzfyjT2VC0ZXq97IPeU9i0ITF9vI9NA30ibg73TVnifg%3D%3D" target="_blank" style="box-sizing: border-box; color: rgb(236, 31, 39); display: block; cursor: pointer; float: left; width: 545.156px;"><div class="title" style="box-sizing: border-box; margin: 3px 0px; line-height: 26px; font-weight: 700; font-size: 13px; cursor: pointer; color: rgb(190, 86, 86); padding-right: 12px; white-space: nowrap; text-overflow: ellipsis; overflow: hidden;">Lập trình Mobile (Android, iOS)</div><div style="box-sizing: border-box; margin: 3px 0px; line-height: 26px;"><span class="company" style="box-sizing: border-box; font-weight: 700; color: rgb(80, 80, 80); margin-right: 7px; font-size: 12px;">VNPT-IT</span><span class="location" style="box-sizing: border-box; color: rgb(80, 80, 80); font-style: italic; font-size: 12px; display: inline-block; margin-right: 7px;"><svg viewBox="0 0 12 12"><path d="M6 5.7c.4 0 .7-.1.9-.4.3-.3.4-.6.4-.9 0-.4-.1-.7-.4-.9-.2-.3-.5-.4-.9-.4s-.7.1-.9.4c-.3.2-.4.5-.4.9s.1.7.4.9c.2.3.5.4.9.4zm0-5c1 0 1.9.4 2.6 1.1.7.7 1.1 1.6 1.1 2.6 0 .5-.1 1.1-.4 1.8s-.5 1.3-.9 1.9c-.4.5-.7 1.1-1.1 1.6-.4.5-.7.9-.9 1.2l-.4.4c-.1-.1-.2-.3-.4-.5s-.5-.6-.9-1.2c-.4-.5-.8-1-1.1-1.6s-.7-1.1-.9-1.8c-.3-.7-.4-1.3-.4-1.8 0-1 .4-1.9 1.1-2.6S5 .7 6 .7z"></path></svg><span style="box-sizing: border-box; display: inline-block;">Ho Chi Minh, Ha Noi</span></span><span class="j-salary" style="box-sizing: border-box; color: rgb(80, 80, 80); font-style: italic; font-size: 12px; display: inline-block; margin-right: 7px;"><svg viewBox="0 0 12 12"><path d="M6 9.8L3.9 7.7c1.3-.9 3-.9 4.2 0L6 9.8zm3-3a4.81 4.81 0 0 0-6 0L2.2 6c2.2-1.8 5.5-1.8 7.7 0l-.9.8zm1.7-1.7a7.27 7.27 0 0 0-9.4 0l-.9-.8c3.2-2.8 7.9-2.8 11.1 0l-.8.8z"></path></svg><span style="box-sizing: border-box; display: inline-block;">Negotiable</span></span></div><span class="post-tag" style="box-sizing: border-box; text-align: center; color: rgb(0, 0, 0); background-color: rgb(245, 245, 245); padding: 0.25em 0.5em; font-size: 12px; line-height: 1.4; white-space: nowrap; display: inline-block; border-radius: 0px; border: 1px solid rgb(221, 221, 221); float: none; font-family: Arial, &quot;Helvetica Neue&quot;, Helvetica, sans-serif; margin: 0px 2px 2px 0px !important;">Android</span><span class="post-tag" style="box-sizing: border-box; text-align: center; color: rgb(0, 0, 0); background-color: rgb(245, 245, 245); padding: 0.25em 0.5em; font-size: 12px; line-height: 1.4; white-space: nowrap; display: inline-block; border-radius: 0px; border: 1px solid rgb(221, 221, 221); float: none; font-family: Arial, &quot;Helvetica Neue&quot;, Helvetica, sans-serif; margin: 0px 2px 2px 0px !important;">iOS</span><span class="post-tag" style="box-sizing: border-box; text-align: center; color: rgb(0, 0, 0); background-color: rgb(245, 245, 245); padding: 0.25em 0.5em; font-size: 12px; line-height: 1.4; white-space: nowrap; display: inline-block; border-radius: 0px; border: 1px solid rgb(221, 221, 221); float: none; font-family: Arial, &quot;Helvetica Neue&quot;, Helvetica, sans-serif; margin: 0px 2px 2px 0px !important;">Mobile</span></a></div></li><li class="item-job" style="box-sizing: border-box; line-height: 26px; margin-left: 21px; font-size: 15px; font-family: Roboto; border-top: 1px solid rgb(239, 240, 241); position: relative; list-style: none;"><div class="job-wrap" style="box-sizing: border-box; overflow: hidden; margin: 0px; padding: 5px 0px; position: relative;"><a class="thumbnail" href="https://topdev.vn/partners/detail-jobs/Lap-trinh-vien-PHP-12072/?token=ZKSuE%2BDgRSAzEOBNUcWfv9XiWteBtt6KdNdNI11aNYUzfyjT2VC0ZXq97IPeU9i0ITF9vI9NA30ibg73TVnifg%3D%3D" style="box-sizing: border-box; color: rgb(236, 31, 39); float: left; width: 97.3438px; margin-right: 6.48438px; overflow: hidden; display: flex; align-items: center; justify-content: center;"><img class="item-logo" src="https://topdev.vn/files/logos/3cf81d3f3c710dbfdd1c592bee64cf97.png" style="box-sizing: border-box; border-width: initial; border-color: initial; border-image: initial; max-width: 100%; display: block; margin: 0px auto; padding: 9.73438px 1.9375px; width: 58.4063px; height: auto !important;"></a><a class="job" title="Lập trình viên PHP (OOP, MySQL, Yii2)" href="https://topdev.vn/partners/detail-jobs/Lap-trinh-vien-PHP-12072/?token=ZKSuE%2BDgRSAzEOBNUcWfv9XiWteBtt6KdNdNI11aNYUzfyjT2VC0ZXq97IPeU9i0ITF9vI9NA30ibg73TVnifg%3D%3D" target="_blank" style="box-sizing: border-box; color: rgb(236, 31, 39); display: block; cursor: pointer; float: left; width: 545.156px;"><div class="title" style="box-sizing: border-box; margin: 3px 0px; line-height: 26px; font-weight: 700; font-size: 13px; cursor: pointer; color: rgb(190, 86, 86); padding-right: 12px; white-space: nowrap; text-overflow: ellipsis; overflow: hidden;">Lập trình viên PHP (OOP, MySQL, Yii2)</div><div style="box-sizing: border-box; margin: 3px 0px; line-height: 26px;"><span class="company" style="box-sizing: border-box; font-weight: 700; color: rgb(80, 80, 80); margin-right: 7px; font-size: 12px;">Công ty cổ phần công nghệ và sáng tạo trẻ Teky Holdings</span><span class="location" style="box-sizing: border-box; color: rgb(80, 80, 80); font-style: italic; font-size: 12px; display: inline-block; margin-right: 7px;"><svg viewBox="0 0 12 12"><path d="M6 5.7c.4 0 .7-.1.9-.4.3-.3.4-.6.4-.9 0-.4-.1-.7-.4-.9-.2-.3-.5-.4-.9-.4s-.7.1-.9.4c-.3.2-.4.5-.4.9s.1.7.4.9c.2.3.5.4.9.4zm0-5c1 0 1.9.4 2.6 1.1.7.7 1.1 1.6 1.1 2.6 0 .5-.1 1.1-.4 1.8s-.5 1.3-.9 1.9c-.4.5-.7 1.1-1.1 1.6-.4.5-.7.9-.9 1.2l-.4.4c-.1-.1-.2-.3-.4-.5s-.5-.6-.9-1.2c-.4-.5-.8-1-1.1-1.6s-.7-1.1-.9-1.8c-.3-.7-.4-1.3-.4-1.8 0-1 .4-1.9 1.1-2.6S5 .7 6 .7z"></path></svg><span style="box-sizing: border-box; display: inline-block;">Ha Noi</span></span><span class="j-salary" style="box-sizing: border-box; color: rgb(80, 80, 80); font-style: italic; font-size: 12px; display: inline-block; margin-right: 7px;"><svg viewBox="0 0 12 12"><path d="M6 9.8L3.9 7.7c1.3-.9 3-.9 4.2 0L6 9.8zm3-3a4.81 4.81 0 0 0-6 0L2.2 6c2.2-1.8 5.5-1.8 7.7 0l-.9.8zm1.7-1.7a7.27 7.27 0 0 0-9.4 0l-.9-.8c3.2-2.8 7.9-2.8 11.1 0l-.8.8z"></path></svg><span style="box-sizing: border-box; display: inline-block;">$650 - $1,000</span></span></div><span class="post-tag" style="box-sizing: border-box; text-align: center; color: rgb(0, 0, 0); background-color: rgb(245, 245, 245); padding: 0.25em 0.5em; font-size: 12px; line-height: 1.4; white-space: nowrap; display: inline-block; border-radius: 0px; border: 1px solid rgb(221, 221, 221); float: none; font-family: Arial, &quot;Helvetica Neue&quot;, Helvetica, sans-serif; margin: 0px 2px 2px 0px !important;">PHP</span><span class="post-tag" style="box-sizing: border-box; text-align: center; color: rgb(0, 0, 0); background-color: rgb(245, 245, 245); padding: 0.25em 0.5em; font-size: 12px; line-height: 1.4; white-space: nowrap; display: inline-block; border-radius: 0px; border: 1px solid rgb(221, 221, 221); float: none; font-family: Arial, &quot;Helvetica Neue&quot;, Helvetica, sans-serif; margin: 0px 2px 2px 0px !important;">OOP</span><span class="post-tag" style="box-sizing: border-box; text-align: center; color: rgb(0, 0, 0); background-color: rgb(245, 245, 245); padding: 0.25em 0.5em; font-size: 12px; line-height: 1.4; white-space: nowrap; display: inline-block; border-radius: 0px; border: 1px solid rgb(221, 221, 221); float: none; font-family: Arial, &quot;Helvetica Neue&quot;, Helvetica, sans-serif; margin: 0px 2px 2px 0px !important;">MySQL</span><span class="post-tag" style="box-sizing: border-box; text-align: center; color: rgb(0, 0, 0); background-color: rgb(245, 245, 245); padding: 0.25em 0.5em; font-size: 12px; line-height: 1.4; white-space: nowrap; display: inline-block; border-radius: 0px; border: 1px solid rgb(221, 221, 221); float: none; font-family: Arial, &quot;Helvetica Neue&quot;, Helvetica, sans-serif; margin: 0px 2px 2px 0px !important;">Yii2</span></a></div></li></ul></div></div></div><p style="box-sizing: border-box; font-family: Roboto; font-size: 16px; line-height: 26px; margin-bottom: 26px; color: rgb(51, 51, 51);">Trước tình hình trên, Thủ hiến bang Telangana K. Chandrashekhar Rao yêu cầu kiểm tra miễn phí lại kết quả của tất cả các em thi rớt, đồng thời nhắn nhủ học sinh không nên tự tử vì thi rớt không phải là chấm hết cuộc đời.</p><p style="box-sizing: border-box; font-family: Roboto; font-size: 16px; line-height: 26px; margin-bottom: 26px; color: rgb(51, 51, 51);">Có đến hơn 1/3 học sinh không đậu kỳ thi lấy Chứng chỉ trung học phổ thông hệ hai năm (HSSC) và hơn 50.000 học sinh thi đậu nhưng không hài lòng với kết quả đang nộp đơn yêu cầu chấm phúc khảo.</p><p style="box-sizing: border-box; font-family: Roboto; font-size: 16px; line-height: 26px; margin-bottom: 26px; color: rgb(51, 51, 51);">Các phụ huynh chỉ trích đích danh Công ty TNHH công nghệ Globarena Technologies Private – công ty cung cấp phần mềm cho chính quyền bang Telengana để xử lý các bài kiểm tra.</p><div style="box-sizing: border-box; color: rgb(51, 51, 51); font-family: Roboto; font-size: 16px; clear: both; margin-top: 0em; margin-bottom: 1em;"><a href="https://techtalk.vn/hacker-an-do-tim-ra-bug-giup-anh-ta-co-the-hack-bat-ky-tai-khoan-facebook-nao-nhan-duoc-phan-thuong-15k-usd.html" target="_new" class="u905670ec25a67287a91b68e6590955c9" data-wpel-link="internal" style="box-sizing: border-box; background-color: rgb(234, 234, 234); color: rgb(236, 31, 39); padding-right: 0px; padding-left: 0px; margin: 0px; width: 696px; display: block; font-weight: bold; opacity: 1; transition: opacity 250ms ease 0s; padding-top: 1em !important; padding-bottom: 1em !important; border-width: 0px 0px 0px 4px !important; border-top-style: initial !important; border-right-style: initial !important; border-bottom-style: initial !important; border-top-color: initial !important; border-right-color: initial !important; border-bottom-color: initial !important; border-image: initial !important; border-left-style: solid !important; border-left-color: rgb(52, 73, 94) !important;"><div style="box-sizing: border-box; padding-left: 1em; padding-right: 1em;"><span class="ctaText" style="box-sizing: border-box; color: inherit;"></span>&nbsp;&nbsp;<span class="postTitle" style="box-sizing: border-box; color: rgb(0, 0, 0); text-decoration-line: underline !important;">Hacker Ấn Độ tìm ra bug giúp anh ta có thể hack bất kỳ tài khoản Facebook nào, nhận được phần thưởng 15k USD.</span></div></a></div><div style="box-sizing: border-box; color: rgb(51, 51, 51); font-family: Roboto; font-size: 16px; clear: both; margin-top: 0em; margin-bottom: 1em;"><a href="https://techtalk.vn/dai-hoc-viet-nam-diem-danh-bang-nhan-dien-khuon-mat-cup-hoc-hoc-ho-chi-con-trong-mo.html" target="_new" class="ud257ab8db7b355a8f88dc346e6d0e58a" data-wpel-link="internal" style="box-sizing: border-box; background-color: rgb(234, 234, 234); color: rgb(236, 31, 39); padding-right: 0px; padding-left: 0px; margin: 0px; width: 696px; display: block; font-weight: bold; opacity: 1; transition: opacity 250ms ease 0s; padding-top: 1em !important; padding-bottom: 1em !important; border-width: 0px 0px 0px 4px !important; border-top-style: initial !important; border-right-style: initial !important; border-bottom-style: initial !important; border-top-color: initial !important; border-right-color: initial !important; border-bottom-color: initial !important; border-image: initial !important; border-left-style: solid !important; border-left-color: rgb(52, 73, 94) !important;"><div style="box-sizing: border-box; padding-left: 1em; padding-right: 1em;"><span class="ctaText" style="box-sizing: border-box; color: inherit;"></span>&nbsp;&nbsp;<span class="postTitle" style="box-sizing: border-box; color: rgb(0, 0, 0); text-decoration-line: underline !important;">Đại học Việt Nam điểm danh bằng nhận diện khuôn mặt - Cúp học, học hộ chỉ còn trong mơ</span></div></a></div><p style="box-sizing: border-box; font-family: Roboto; font-size: 16px; line-height: 26px; margin-bottom: 26px; color: rgb(51, 51, 51);">Họ cũng tố cáo những bất cập như tổ chức này chấm điểm cho những học sinh không hề dự thi và lỗi chấm sai được bao che có thể do công ty trên có mối liên hệ gần gũi với con trai của thủ hiến bang Telangana.</p><p style="box-sizing: border-box; font-family: Roboto; font-size: 16px; line-height: 26px; margin-bottom: 26px; color: rgb(51, 51, 51);">Tờ báo điện tử<i style="box-sizing: border-box;">&nbsp;First Post</i>&nbsp;của Ấn Độ dẫn câu chuyện của học sinh Naveena, người thi rớt nhưng sau khi chấm lại, cô được 93/100 điểm cho chính bài thi đó.</p><p style="box-sizing: border-box; font-family: Roboto; font-size: 16px; line-height: 26px; margin-bottom: 26px; color: rgb(51, 51, 51);">Việc xét tuyển vào các trường đại học danh tiếng ở Ấn Độ nổi tiếng là rất khốc liệt. Đơn cử, Trường đại học Shri Ram về thương mại ở Delhi nhận 28.000 đơn trong khi chỉ có 400 chỉ tiêu, tỉ lệ thấp hơn cả việc được nhận vào Đại học Harvard ở Mỹ.</p><p style="box-sizing: border-box; font-family: Roboto; font-size: 16px; line-height: 26px; margin-bottom: 26px; color: rgb(51, 51, 51);">Do số lượng hồ sơ quá nhiều, hầu hết các trường đại học dựa vào kết quả của kỳ thi HSSC để đơn giản hóa thủ tục tuyển sinh. Theo báo&nbsp;<i style="box-sizing: border-box;">Independent&nbsp;</i>của Anh, tỉ lệ thất nghiệp ở Ấn Độ đang ở mức cao nhất trong 45 năm qua do bùng nổ dân số. Hiện nay, mỗi tháng có 1 triệu người Ấn Độ bước sang tuổi 18.</p><div class="td-a-rec td-a-rec-id-content_inline" style="box-sizing: border-box; color: rgb(51, 51, 51); font-family: Roboto; font-size: 16px;"><div id="div-gpt-ad-1546852316124-0" style="box-sizing: border-box;"></div><div id="b-g-i-net-RExjRFZvMll1Vmc9" style="box-sizing: border-box; width: 400px; margin: auto;"><span class="b-i-net-RExjRFZvMll1Vmc90" style="box-sizing: border-box;"><a href="https://network.topdev.vn/out&amp;a&amp;c&amp;SlRuc2kyblFQb009" target="_blank" style="box-sizing: border-box; color: rgb(236, 31, 39);"><img class="img-responsive" src="https://network.topdev.vn/uploads/tao-cv-online-cn-jpg-20190319123338.jpg" style="box-sizing: border-box; border: 0px; max-width: 100%; height: auto; margin: auto; display: block; width: 400px;"></a><img src="https://network.topdev.vn/in&amp;v&amp;a&amp;i&amp;SlRuc2kyblFQb009" style="box-sizing: border-box; border-width: initial; border-color: initial; border-image: initial; max-width: 100%; height: 1px; margin: 0px; display: inline-block; width: 1px; opacity: 0; padding: 0px;"></span></div><div id="b-g-i-net-RExjRFZvMll1Vmc9" style="box-sizing: border-box;"></div></div><p style="box-sizing: border-box; font-family: Roboto; font-size: 16px; line-height: 26px; margin-bottom: 26px; color: rgb(51, 51, 51);">Thị trường việc làm đang trở nên cạnh tranh hơn bao giờ hết. Việc có được tấm bằng đại học của một trường danh giá được coi là rất quan trọng đối với học sinh. Nhiều học sinh được bố mẹ đăng ký cho học ở các trường trung học đặc biệt, được luyện thi tới 16 giờ mỗi ngày để đảm bảo đạt kết quả tốt trong kỳ thi HSSC.</p><p style="box-sizing: border-box; font-family: Roboto; font-size: 16px; line-height: 26px; margin-bottom: 26px; color: rgb(51, 51, 51); text-align: right;"><em style="box-sizing: border-box;">Techtalk via&nbsp;<a href="https://tuoitre.vn/phan-mem-cham-thi-bi-loi-hon-20-hoc-sinh-tu-tu-oan-nghiet-o-an-do-20190501111544901.htm" data-wpel-link="external" target="_new" rel="nofollow external noopener noreferrer" style="box-sizing: border-box; color: rgb(236, 31, 39);">Tuổi trẻ online</a></em></p><div style="box-sizing: border-box; color: rgb(51, 51, 51); font-family: Roboto; font-size: 16px; clear: both; margin-top: 0em; margin-bottom: 1em;"><a href="https://techtalk.vn/hoc-sinh-lop-9-viet-nam-lam-duoc-phan-mem-chong-trom-dien-thoai.html" target="_new" class="uae74918473bba8b527b7266b52f73be7" data-wpel-link="internal" style="box-sizing: border-box; background-color: rgb(234, 234, 234); color: rgb(236, 31, 39); padding-right: 0px; padding-left: 0px; margin: 0px; width: 696px; display: block; font-weight: bold; opacity: 1; transition: opacity 250ms ease 0s; padding-top: 1em !important; padding-bottom: 1em !important; border-width: 0px 0px 0px 4px !important; border-top-style: initial !important; border-right-style: initial !important; border-bottom-style: initial !important; border-top-color: initial !important; border-right-color: initial !important; border-bottom-color: initial !important; border-image: initial !important; border-left-style: solid !important; border-left-color: rgb(52, 73, 94) !important;"><div style="box-sizing: border-box; padding-left: 1em; padding-right: 1em;"><span class="ctaText" style="box-sizing: border-box; color: inherit;"></span>&nbsp;&nbsp;<span class="postTitle" style="box-sizing: border-box; color: rgb(0, 0, 0); text-decoration-line: underline !important;">Học sinh lớp 9 Việt Nam làm được phần mềm chống trộm điện thoại</span></div></a></div><div style="box-sizing: border-box; color: rgb(51, 51, 51); font-family: Roboto; font-size: 16px; clear: both; margin-top: 0em; margin-bottom: 1em;"><a href="https://techtalk.vn/nhan-dien-khuon-mat-la-chua-du-trung-quoc-muon-hoc-sinh-mac-smart-uniform-co-gan-dinh-vi.html" target="_new" class="u508c1d85c7c328beeda13f471fcac984" data-wpel-link="internal" style="box-sizing: border-box; background-color: rgb(234, 234, 234); color: rgb(236, 31, 39); text-decoration-line: underline; padding-right: 0px; padding-left: 0px; margin: 0px; width: 696px; display: block; font-weight: bold; opacity: 1; transition: opacity 250ms ease 0s; outline: none; padding-top: 1em !important; padding-bottom: 1em !important; border-width: 0px 0px 0px 4px !important; border-top-style: initial !important; border-right-style: initial !important; border-bottom-style: initial !important; border-top-color: initial !important; border-right-color: initial !important; border-bottom-color: initial !important; border-image: initial !important; border-left-style: solid !important; border-left-color: rgb(52, 73, 94) !important;"><div style="box-sizing: border-box; padding-left: 1em; padding-right: 1em;"><span class="ctaText" style="box-sizing: border-box; color: inherit; text-decoration-line: none;"></span>&nbsp;&nbsp;<span class="postTitle" style="box-sizing: border-box; color: rgb(0, 0, 0);">Nhận diện khuôn mặt là chưa đủ, Trung Quốc muốn học sinh mặc "smart uniform" có gắn định vị</span></div><div><span class="postTitle" style="box-sizing: border-box; color: rgb(0, 0, 0);"><br></span></div></a></div><div class="td-a-rec td-a-rec-id-content_bottom" style="box-sizing: border-box; clear: both; text-align: center; color: rgb(51, 51, 51); font-family: Roboto; font-size: 16px;"><div id="adasia" style="box-sizing: border-box; margin-bottom: 21px;"></div></div></div>', '2019-04-19 15:18:43', NULL),
	(3, 2, 'XXX YYY XXX', 'There’s a Cool New Way for Men to Wear Socks and', 'Lorem ipsum dolor sit amet, consectetur adipisicing elit. Praesentium nam quas inventore, ut iure iste modi eos adipisci ad ea itaque labore earum autem nobis et numquam, minima eius. Nam eius, non unde ut aut sunt eveniet rerum repellendus porro.', '2019-04-19 15:19:03', NULL),
	(4, 2, 'XXX YYY XXX', 'There’s a Cool New Way for Men to Wear Socks and', 'Lorem ipsum dolor sit amet, consectetur adipisicing elit. Praesentium nam quas inventore, ut iure iste modi eos adipisci ad ea itaque labore earum autem nobis et numquam, minima eius. Nam eius, non unde ut aut sunt eveniet rerum repellendus porro.', '2019-04-19 15:19:22', NULL),
	(5, 2, 'XXX YYY XXX', 'There’s a Cool New Way for Men to Wear Socks and', 'Lorem ipsum dolor sit amet, consectetur adipisicing elit. Praesentium nam quas inventore, ut iure iste modi eos adipisci ad ea itaque labore earum autem nobis et numquam, minima eius. Nam eius, non unde ut aut sunt eveniet rerum repellendus porro.', '2019-04-22 14:32:49', NULL),
	(6, 2, 'Trần Phúc Vinh', 'There’s a Cool New Way for Men to Wear Socks and', '<p>Lorem ipsum dolor sit amet, consectetur adipisicing elit.\r\n							Praesentium nam quas inventore, ut iure iste modi eos adipisci ad\r\n							ea itaque labore earum autem nobis et numquam, minima eius. Nam\r\n							eius, non unde ut aut sunt eveniet rerum repellendus porro.</p>\r\n						<p>Sint ab voluptates itaque, ipsum porro qui obcaecati cumque\r\n							quas sit vel. Voluptatum provident id quis quo. Eveniet maiores\r\n							perferendis officia veniam est laborum, expedita fuga doloribus\r\n							natus repellendus dolorem ab similique sint eius cupiditate\r\n							necessitatibus, magni nesciunt ex eos.</p>\r\n						<p>Quis eius aspernatur, eaque culpa cumque reiciendis, nobis\r\n							at earum assumenda similique ut? Aperiam vel aut, ex\r\n							exercitationem eos consequuntur eaque culpa totam, deserunt,\r\n							aspernatur quae eveniet hic provident ullam tempora error\r\n							repudiandae sapiente illum rerum itaque voluptatem. Commodi,\r\n							sequi.</p>\r\n						<div class="row mb-5">\r\n							<div class="col-md-12 mb-4 element-animate">\r\n								<img src="images/img_7.jpg" alt="Image placeholder"\r\n									class="img-fluid">\r\n							</div>\r\n							<div class="col-md-6 mb-4 element-animate">\r\n								<img src="images/img_9.jpg" alt="Image placeholder"\r\n									class="img-fluid">\r\n							</div>\r\n							<div class="col-md-6 mb-4 element-animate">\r\n								<img src="images/img_11.jpg" alt="Image placeholder"\r\n									class="img-fluid">\r\n							</div>\r\n						</div>\r\n						<p>Quibusdam autem, quas molestias recusandae aperiam\r\n							molestiae modi qui ipsam vel. Placeat tenetur veritatis tempore\r\n							quos impedit dicta, error autem, quae sint inventore ipsa quidem.\r\n							Quo voluptate quisquam reiciendis, minus, animi minima eum\r\n							officia doloremque repellat eos, odio doloribus cum.</p>\r\n						<p>Temporibus quo dolore veritatis doloribus delectus dolores\r\n							perspiciatis recusandae ducimus, nisi quod, incidunt ut quaerat,\r\n							magnam cupiditate. Aut, laboriosam magnam, nobis dolore fugiat\r\n							impedit necessitatibus nisi cupiditate, quas repellat itaque\r\n							molestias sit libero voluptas eveniet omnis illo ullam dolorem\r\n							minima.</p>\r\n						<p>Porro amet accusantium libero fugit totam, deserunt ipsa,\r\n							dolorem, vero expedita illo similique saepe nisi deleniti.\r\n							Cumque, laboriosam, porro! Facilis voluptatem sequi nulla quidem,\r\n							provident eius quos pariatur maxime sapiente illo nostrum\r\n							quibusdam aliquid fugiat! Earum quod fuga id officia.</p>\r\n						<p>Illo magnam at dolore ad enim fugiat ut maxime facilis\r\n							autem, nulla cumque quis commodi eos nisi unde soluta, ipsa eius\r\n							aspernatur sint atque! Nihil, eveniet illo ea, mollitia fuga\r\n							accusamus dolor dolorem perspiciatis rerum hic, consectetur error\r\n							rem aspernatur!</p>\r\n\r\n						<p>Lorem ipsum dolor sit amet, consectetur adipisicing elit.\r\n							Temporibus magni explicabo id molestiae, minima quas assumenda\r\n							consectetur, nobis neque rem, incidunt quam tempore perferendis\r\n							provident obcaecati sapiente, animi vel expedita omnis quae ipsa!\r\n							Obcaecati eligendi sed odio labore vero reiciendis facere\r\n							accusamus molestias eaque impedit, consequuntur quae fuga vitae\r\n							fugit?</p>', '2019-04-22 15:07:17', NULL),
	(7, 2, 'Trần Phúc Vinh', 'There’s a Cool New Way for Men to Wear Socks and', '<p>Lorem ipsum dolor sit amet, consectetur adipisicing elit.\r\n							Praesentium nam quas inventore, ut iure iste modi eos adipisci ad\r\n							ea itaque labore earum autem nobis et numquam, minima eius. Nam\r\n							eius, non unde ut aut sunt eveniet rerum repellendus porro.</p>\r\n						<p>Sint ab voluptates itaque, ipsum porro qui obcaecati cumque\r\n							quas sit vel. Voluptatum provident id quis quo. Eveniet maiores\r\n							perferendis officia veniam est laborum, expedita fuga doloribus\r\n							natus repellendus dolorem ab similique sint eius cupiditate\r\n							necessitatibus, magni nesciunt ex eos.</p>\r\n						<p>Quis eius aspernatur, eaque culpa cumque reiciendis, nobis\r\n							at earum assumenda similique ut? Aperiam vel aut, ex\r\n							exercitationem eos consequuntur eaque culpa totam, deserunt,\r\n							aspernatur quae eveniet hic provident ullam tempora error\r\n							repudiandae sapiente illum rerum itaque voluptatem. Commodi,\r\n							sequi.</p>\r\n						<div class="row mb-5">\r\n							<div class="col-md-12 mb-4 element-animate">\r\n								<img src="images/img_7.jpg" alt="Image placeholder"\r\n									class="img-fluid">\r\n							</div>\r\n							<div class="col-md-6 mb-4 element-animate">\r\n								<img src="images/img_9.jpg" alt="Image placeholder"\r\n									class="img-fluid">\r\n							</div>\r\n							<div class="col-md-6 mb-4 element-animate">\r\n								<img src="images/img_11.jpg" alt="Image placeholder"\r\n									class="img-fluid">\r\n							</div>\r\n						</div>\r\n						<p>Quibusdam autem, quas molestias recusandae aperiam\r\n							molestiae modi qui ipsam vel. Placeat tenetur veritatis tempore\r\n							quos impedit dicta, error autem, quae sint inventore ipsa quidem.\r\n							Quo voluptate quisquam reiciendis, minus, animi minima eum\r\n							officia doloremque repellat eos, odio doloribus cum.</p>\r\n						<p>Temporibus quo dolore veritatis doloribus delectus dolores\r\n							perspiciatis recusandae ducimus, nisi quod, incidunt ut quaerat,\r\n							magnam cupiditate. Aut, laboriosam magnam, nobis dolore fugiat\r\n							impedit necessitatibus nisi cupiditate, quas repellat itaque\r\n							molestias sit libero voluptas eveniet omnis illo ullam dolorem\r\n							minima.</p>\r\n						<p>Porro amet accusantium libero fugit totam, deserunt ipsa,\r\n							dolorem, vero expedita illo similique saepe nisi deleniti.\r\n							Cumque, laboriosam, porro! Facilis voluptatem sequi nulla quidem,\r\n							provident eius quos pariatur maxime sapiente illo nostrum\r\n							quibusdam aliquid fugiat! Earum quod fuga id officia.</p>\r\n						<p>Illo magnam at dolore ad enim fugiat ut maxime facilis\r\n							autem, nulla cumque quis commodi eos nisi unde soluta, ipsa eius\r\n							aspernatur sint atque! Nihil, eveniet illo ea, mollitia fuga\r\n							accusamus dolor dolorem perspiciatis rerum hic, consectetur error\r\n							rem aspernatur!</p>\r\n\r\n						<p>Lorem ipsum dolor sit amet, consectetur adipisicing elit.\r\n							Temporibus magni explicabo id molestiae, minima quas assumenda\r\n							consectetur, nobis neque rem, incidunt quam tempore perferendis\r\n							provident obcaecati sapiente, animi vel expedita omnis quae ipsa!\r\n							Obcaecati eligendi sed odio labore vero reiciendis facere\r\n							accusamus molestias eaque impedit, consequuntur quae fuga vitae\r\n							fugit?</p>', '2019-04-22 14:32:49', NULL),
	(8, 2, 'Trần Phúc Vinh', 'There’s a Cool New Way for Men to Wear Socks and', '<h1 class="entry-title" style="box-sizing: border-box; font-size: 41px; margin-right: 0px; margin-bottom: 7px; margin-left: 0px; font-family: Roboto; color: rgb(51, 51, 51); line-height: 50px; overflow-wrap: break-word;">Phần mềm chấm thi bị lỗi, hơn 20 học sinh tự tử oan nghiệt ở Ấn Độ</h1><div class="td-module-meta-info" style="box-sizing: border-box; font-family: &quot;Open Sans&quot;, arial, sans-serif; font-size: 11px; margin-bottom: 16px; line-height: 1; min-height: 17px;"><img src="https://techtalk.vn/wp-content/uploads/2019/05/chamthi-696x522.png"></div><div class="td-module-meta-info" style="box-sizing: border-box; font-family: &quot;Open Sans&quot;, arial, sans-serif; font-size: 11px; margin-bottom: 16px; line-height: 1; min-height: 17px;"><p class="sapo" style="box-sizing: border-box; font-family: Roboto; font-size: 16px; line-height: 26px; margin-bottom: 26px; color: rgb(51, 51, 51);"><em style="box-sizing: border-box;"><strong style="box-sizing: border-box; font-weight: bold;">Sau khi hơn 20 học sinh cuối cấp ở bang Telengana, Ấn Độ tự tử vì không đủ điểm xét tuyển vào đại học, một hội đồng độc lập đã được thành lập và phát hiện phần mềm quét các bài kiểm tra bị lỗi và phân loại học sinh không chính xác.</strong></em></p><p style="box-sizing: border-box; font-family: Roboto; font-size: 16px; line-height: 26px; margin-bottom: 26px; color: rgb(51, 51, 51);">Hội đồng này cho biết họ sẽ sớm công bố các biện pháp để chấm dứt tình trạng xảy ra lỗi chấm bài. Tuy nhiên, điều này không thể thay đổi thực tế đau lòng là có đến hơn 20 học sinh đã tự tử vì không chịu nổi cú sốc rớt đại học từ giữa tháng tư đến nay.</p><p style="box-sizing: border-box; font-family: Roboto; font-size: 16px; line-height: 26px; margin-bottom: 26px; color: rgb(51, 51, 51);">Nhiều hội học sinh đã yêu cầu bồi thường khoảng 2,5 triệu rupee (825 triệu đồng)/trường hợp cho các gia đình có học sinh đã tự sát.</p><p style="box-sizing: border-box; font-family: Roboto; font-size: 16px; line-height: 26px; margin-bottom: 26px; color: rgb(51, 51, 51);">Trước tình hình trên, Thủ hiến bang Telangana K. Chandrashekhar Rao yêu cầu kiểm tra miễn phí lại kết quả của tất cả các em thi rớt, đồng thời nhắn nhủ học sinh không nên tự tử vì thi rớt không phải là chấm hết cuộc đời.</p><p style="box-sizing: border-box; font-family: Roboto; font-size: 16px; line-height: 26px; margin-bottom: 26px; color: rgb(51, 51, 51);">Có đến hơn 1/3 học sinh không đậu kỳ thi lấy Chứng chỉ trung học phổ thông hệ hai năm (HSSC) và hơn 50.000 học sinh thi đậu nhưng không hài lòng với kết quả đang nộp đơn yêu cầu chấm phúc khảo.</p><p style="box-sizing: border-box; font-family: Roboto; font-size: 16px; line-height: 26px; margin-bottom: 26px; color: rgb(51, 51, 51);">Các phụ huynh chỉ trích đích danh Công ty TNHH công nghệ Globarena Technologies Private – công ty cung cấp phần mềm cho chính quyền bang Telengana để xử lý các bài kiểm tra.</p><div style="box-sizing: border-box; color: rgb(51, 51, 51); font-family: Roboto; font-size: 16px; clear: both; margin-top: 0em; margin-bottom: 1em;"><a href="https://techtalk.vn/hacker-an-do-tim-ra-bug-giup-anh-ta-co-the-hack-bat-ky-tai-khoan-facebook-nao-nhan-duoc-phan-thuong-15k-usd.html" target="_new" class="u905670ec25a67287a91b68e6590955c9" data-wpel-link="internal" style="box-sizing: border-box; background-color: rgb(234, 234, 234); color: rgb(236, 31, 39); padding-right: 0px; padding-left: 0px; margin: 0px; width: 696px; display: block; font-weight: bold; opacity: 1; transition: opacity 250ms ease 0s; padding-top: 1em !important; padding-bottom: 1em !important; border-width: 0px 0px 0px 4px !important; border-top-style: initial !important; border-right-style: initial !important; border-bottom-style: initial !important; border-top-color: initial !important; border-right-color: initial !important; border-bottom-color: initial !important; border-image: initial !important; border-left-style: solid !important; border-left-color: rgb(52, 73, 94) !important;"><div style="box-sizing: border-box; padding-left: 1em; padding-right: 1em;"><span class="ctaText" style="box-sizing: border-box; color: inherit;"></span>&nbsp;&nbsp;<span class="postTitle" style="box-sizing: border-box; color: rgb(0, 0, 0); text-decoration-line: underline !important;">Hacker Ấn Độ tìm ra bug giúp anh ta có thể hack bất kỳ tài khoản Facebook nào, nhận được phần thưởng 15k USD.</span></div></a></div><div style="box-sizing: border-box; color: rgb(51, 51, 51); font-family: Roboto; font-size: 16px; clear: both; margin-top: 0em; margin-bottom: 1em;"><a href="https://techtalk.vn/dai-hoc-viet-nam-diem-danh-bang-nhan-dien-khuon-mat-cup-hoc-hoc-ho-chi-con-trong-mo.html" target="_new" class="ud257ab8db7b355a8f88dc346e6d0e58a" data-wpel-link="internal" style="box-sizing: border-box; background-color: rgb(234, 234, 234); color: rgb(236, 31, 39); padding-right: 0px; padding-left: 0px; margin: 0px; width: 696px; display: block; font-weight: bold; opacity: 1; transition: opacity 250ms ease 0s; padding-top: 1em !important; padding-bottom: 1em !important; border-width: 0px 0px 0px 4px !important; border-top-style: initial !important; border-right-style: initial !important; border-bottom-style: initial !important; border-top-color: initial !important; border-right-color: initial !important; border-bottom-color: initial !important; border-image: initial !important; border-left-style: solid !important; border-left-color: rgb(52, 73, 94) !important;"><div style="box-sizing: border-box; padding-left: 1em; padding-right: 1em;"><span class="ctaText" style="box-sizing: border-box; color: inherit;"></span>&nbsp;&nbsp;<span class="postTitle" style="box-sizing: border-box; color: rgb(0, 0, 0); text-decoration-line: underline !important;">Đại học Việt Nam điểm danh bằng nhận diện khuôn mặt - Cúp học, học hộ chỉ còn trong mơ</span></div></a></div><p style="box-sizing: border-box; font-family: Roboto; font-size: 16px; line-height: 26px; margin-bottom: 26px; color: rgb(51, 51, 51);">Họ cũng tố cáo những bất cập như tổ chức này chấm điểm cho những học sinh không hề dự thi và lỗi chấm sai được bao che có thể do công ty trên có mối liên hệ gần gũi với con trai của thủ hiến bang Telangana.</p><p style="box-sizing: border-box; font-family: Roboto; font-size: 16px; line-height: 26px; margin-bottom: 26px; color: rgb(51, 51, 51);">Tờ báo điện tử<i style="box-sizing: border-box;">&nbsp;First Post</i>&nbsp;của Ấn Độ dẫn câu chuyện của học sinh Naveena, người thi rớt nhưng sau khi chấm lại, cô được 93/100 điểm cho chính bài thi đó.</p><p style="box-sizing: border-box; font-family: Roboto; font-size: 16px; line-height: 26px; margin-bottom: 26px; color: rgb(51, 51, 51);">Việc xét tuyển vào các trường đại học danh tiếng ở Ấn Độ nổi tiếng là rất khốc liệt. Đơn cử, Trường đại học Shri Ram về thương mại ở Delhi nhận 28.000 đơn trong khi chỉ có 400 chỉ tiêu, tỉ lệ thấp hơn cả việc được nhận vào Đại học Harvard ở Mỹ.</p><p style="box-sizing: border-box; font-family: Roboto; font-size: 16px; line-height: 26px; margin-bottom: 26px; color: rgb(51, 51, 51);">Do số lượng hồ sơ quá nhiều, hầu hết các trường đại học dựa vào kết quả của kỳ thi HSSC để đơn giản hóa thủ tục tuyển sinh. Theo báo&nbsp;<i style="box-sizing: border-box;">Independent&nbsp;</i>của Anh, tỉ lệ thất nghiệp ở Ấn Độ đang ở mức cao nhất trong 45 năm qua do bùng nổ dân số. Hiện nay, mỗi tháng có 1 triệu người Ấn Độ bước sang tuổi 18.</p><div class="td-a-rec td-a-rec-id-content_inline" style="box-sizing: border-box; color: rgb(51, 51, 51); font-family: Roboto; font-size: 16px;"><div id="div-gpt-ad-1546852316124-0" style="box-sizing: border-box;"></div><div id="b-g-i-net-RExjRFZvMll1Vmc9" style="box-sizing: border-box; width: 400px; margin: auto;"><span class="b-i-net-RExjRFZvMll1Vmc90" style="box-sizing: border-box;"><a href="https://network.topdev.vn/out&amp;a&amp;c&amp;SlRuc2kyblFQb009" target="_blank" style="box-sizing: border-box; color: rgb(236, 31, 39);"><img class="img-responsive" src="https://network.topdev.vn/uploads/tao-cv-online-cn-jpg-20190319123338.jpg" style="box-sizing: border-box; border: 0px; max-width: 100%; height: auto; margin: auto; display: block; width: 400px;"></a><img src="https://network.topdev.vn/in&amp;v&amp;a&amp;i&amp;SlRuc2kyblFQb009" style="box-sizing: border-box; border-width: initial; border-color: initial; border-image: initial; max-width: 100%; height: 1px; margin: 0px; display: inline-block; width: 1px; opacity: 0; padding: 0px;"></span></div><div id="b-g-i-net-RExjRFZvMll1Vmc9" style="box-sizing: border-box;"></div></div><p style="box-sizing: border-box; font-family: Roboto; font-size: 16px; line-height: 26px; margin-bottom: 26px; color: rgb(51, 51, 51);">Thị trường việc làm đang trở nên cạnh tranh hơn bao giờ hết. Việc có được tấm bằng đại học của một trường danh giá được coi là rất quan trọng đối với học sinh. Nhiều học sinh được bố mẹ đăng ký cho học ở các trường trung học đặc biệt, được luyện thi tới 16 giờ mỗi ngày để đảm bảo đạt kết quả tốt trong kỳ thi HSSC.</p></div>', '2019-04-22 14:32:49', NULL),
	(9, 2, 'Trần Phúc Vinh', 'There’s a Cool New Way for Men to Wear Socks and', 'Lorem ipsum dolor sit amet, consectetur adipisicing elit. Praesentium nam quas inventore, ut iure iste modi eos adipisci ad ea itaque labore earum autem nobis et numquam, minima eius. Nam eius, non unde ut aut sunt eveniet rerum repellendus porro.', '2019-04-22 14:32:49', NULL),
	(10, 2, 'Trần Phúc Vinh', 'There’s a Cool New Way for Men to Wear Socks and', 'Lorem ipsum dolor sit amet, consectetur adipisicing elit. Praesentium nam quas inventore, ut iure iste modi eos adipisci ad ea itaque labore earum autem nobis et numquam, minima eius. Nam eius, non unde ut aut sunt eveniet rerum repellendus porro.', '2019-04-22 14:32:49', NULL),
	(11, 3, 'XXX YYY XXX', 'There’s a Cool New Way for Men to Wear Socks and', 'Lorem ipsum dolor sit amet, consectetur adipisicing elit. Praesentium nam quas inventore, ut iure iste modi eos adipisci ad ea itaque labore earum autem nobis et numquam, minima eius. Nam eius, non unde ut aut sunt eveniet rerum repellendus porro.', '2019-04-22 14:32:49', NULL),
	(12, 3, 'XXX YYY XXX', 'There’s a Cool New Way for Men to Wear Socks and', 'Lorem ipsum dolor sit amet, consectetur adipisicing elit. Praesentium nam quas inventore, ut iure iste modi eos adipisci ad ea itaque labore earum autem nobis et numquam, minima eius. Nam eius, non unde ut aut sunt eveniet rerum repellendus porro.', '2019-04-22 14:32:49', NULL),
	(13, 3, 'XXX YYY XXX', 'There’s a Cool New Way for Men to Wear Socks and', 'Lorem ipsum dolor sit amet, consectetur adipisicing elit. Praesentium nam quas inventore, ut iure iste modi eos adipisci ad ea itaque labore earum autem nobis et numquam, minima eius. Nam eius, non unde ut aut sunt eveniet rerum repellendus porro.', '2019-04-22 14:32:49', NULL),
	(14, 3, 'XXX YYY XXX', 'There’s a Cool New Way for Men to Wear Socks and', 'Lorem ipsum dolor sit amet, consectetur adipisicing elit. Praesentium nam quas inventore, ut iure iste modi eos adipisci ad ea itaque labore earum autem nobis et numquam, minima eius. Nam eius, non unde ut aut sunt eveniet rerum repellendus porro.', '2019-04-22 14:32:49', NULL);
/*!40000 ALTER TABLE `posts` ENABLE KEYS */;

-- Dumping structure for table blog.posts_categories
CREATE TABLE IF NOT EXISTS `posts_categories` (
  `category_id` int(11) DEFAULT NULL,
  `post_id` int(11) DEFAULT NULL,
  `note` text COLLATE utf8_unicode_ci DEFAULT NULL
) ENGINE=InnoDB DEFAULT CHARSET=utf8 COLLATE=utf8_unicode_ci;

-- Dumping data for table blog.posts_categories: ~12 rows (approximately)
/*!40000 ALTER TABLE `posts_categories` DISABLE KEYS */;
INSERT IGNORE INTO `posts_categories` (`category_id`, `post_id`, `note`) VALUES
	(1, 1, 'xxx'),
	(1, 2, 'xxx'),
	(7, 3, 'yyy'),
	(3, 4, 'xxxx'),
	(4, 6, 'xxxx'),
	(6, 5, 'xxx'),
	(4, 4, 'xxx'),
	(2, 8, 'xxxx'),
	(1, 9, NULL),
	(3, 10, NULL),
	(1, 11, 'xxxx'),
	(2, 12, 'xxxx'),
	(3, 13, 'xxxx'),
	(4, 14, 'xxxx');
/*!40000 ALTER TABLE `posts_categories` ENABLE KEYS */;

-- Dumping structure for table blog.posts_images
CREATE TABLE IF NOT EXISTS `posts_images` (
  `image_id` int(11) DEFAULT NULL,
  `post_id` int(11) DEFAULT NULL,
  `image_name` varchar(50) COLLATE utf8_unicode_ci DEFAULT NULL
) ENGINE=InnoDB DEFAULT CHARSET=utf8 COLLATE=utf8_unicode_ci;

-- Dumping data for table blog.posts_images: ~18 rows (approximately)
/*!40000 ALTER TABLE `posts_images` DISABLE KEYS */;
INSERT IGNORE INTO `posts_images` (`image_id`, `post_id`, `image_name`) VALUES
	(1, 1, 'post_1_1.jpg'),
	(2, 1, 'post_1_2.jpg'),
	(3, 1, 'post_1_3.jpg'),
	(4, 2, 'post_2_1.jpg'),
	(5, 2, 'post_2_2.jpg'),
	(6, 2, 'post_2_3.jpg'),
	(7, 5, 'post_5_1.jpg'),
	(8, 6, 'post_6_1.jpg'),
	(9, 7, 'post_7_1.jpg'),
	(10, 3, 'post_3_1.jpg'),
	(11, 4, 'post_4_1.jpg'),
	(12, 8, 'post_8_1.jpg'),
	(13, 9, 'post_9_1.jpg'),
	(14, 10, 'post_10_1.jpg'),
	(15, 11, 'post_11_1.jpg'),
	(16, 12, 'post_12_1.jpg'),
	(17, 13, 'post_13_1.jpg'),
	(18, 14, 'post_14_1.jpg');
/*!40000 ALTER TABLE `posts_images` ENABLE KEYS */;

-- Dumping structure for table blog.users
CREATE TABLE IF NOT EXISTS `users` (
  `user_id` int(11) DEFAULT NULL,
  `full_name` varchar(100) COLLATE utf8_unicode_ci DEFAULT NULL,
  `email` varchar(50) COLLATE utf8_unicode_ci DEFAULT NULL,
  `occupation` varchar(50) COLLATE utf8_unicode_ci DEFAULT NULL,
  `company_name` varchar(50) COLLATE utf8_unicode_ci DEFAULT NULL,
  `phone` int(11) DEFAULT NULL,
  `address` text COLLATE utf8_unicode_ci DEFAULT NULL,
  `city` varchar(50) COLLATE utf8_unicode_ci DEFAULT NULL,
  `country` varchar(50) COLLATE utf8_unicode_ci DEFAULT NULL,
  `linkedin` text COLLATE utf8_unicode_ci DEFAULT NULL,
  `facebook` text COLLATE utf8_unicode_ci DEFAULT NULL,
  `twitter` text COLLATE utf8_unicode_ci DEFAULT NULL,
  `instagram` text COLLATE utf8_unicode_ci DEFAULT NULL,
  `user_type_cd` int(1) DEFAULT NULL,
  `avatar_path` varchar(250) COLLATE utf8_unicode_ci DEFAULT NULL,
  `join_date` date DEFAULT NULL,
  `note` text COLLATE utf8_unicode_ci DEFAULT NULL
) ENGINE=InnoDB DEFAULT CHARSET=utf8 COLLATE=utf8_unicode_ci;

-- Dumping data for table blog.users: ~1 rows (approximately)
/*!40000 ALTER TABLE `users` DISABLE KEYS */;
INSERT IGNORE INTO `users` (`user_id`, `full_name`, `email`, `occupation`, `company_name`, `phone`, `address`, `city`, `country`, `linkedin`, `facebook`, `twitter`, `instagram`, `user_type_cd`, `avatar_path`, `join_date`, `note`) VALUES
	(1, 'Tran Phuc Vinh', 'vinhtranphuc@gmail.com', NULL, NULL, 38213213, 'Da Nang', NULL, NULL, NULL, NULL, NULL, NULL, 1, '/home/images/person/ADMIN.jpg', NULL, NULL);
/*!40000 ALTER TABLE `users` ENABLE KEYS */;

-- Dumping structure for table blog.visiter
CREATE TABLE IF NOT EXISTS `visiter` (
  `user_id` int(11) DEFAULT NULL,
  `user_type` int(11) DEFAULT NULL,
  `contact` varchar(50) COLLATE utf8_unicode_ci DEFAULT NULL,
  `note` text COLLATE utf8_unicode_ci DEFAULT NULL
) ENGINE=InnoDB DEFAULT CHARSET=utf8 COLLATE=utf8_unicode_ci;

-- Dumping data for table blog.visiter: ~0 rows (approximately)
/*!40000 ALTER TABLE `visiter` DISABLE KEYS */;
/*!40000 ALTER TABLE `visiter` ENABLE KEYS */;

/*!40101 SET SQL_MODE=IFNULL(@OLD_SQL_MODE, '') */;
/*!40014 SET FOREIGN_KEY_CHECKS=IF(@OLD_FOREIGN_KEY_CHECKS IS NULL, 1, @OLD_FOREIGN_KEY_CHECKS) */;
/*!40101 SET CHARACTER_SET_CLIENT=@OLD_CHARACTER_SET_CLIENT */;
